[{"_name":"Marek","_dateOfBirth":"2001-12-01T00:00:00","_gender":"Man","_age":22,"_favoriteTeams":[]},{"_name":"Arek","_dateOfBirth":"2003-12-01T00:00:00","_gender":null,"_age":20,"_favoriteTeams":["Man United","Real Madrid"]},{"_name":"Jarek","_dateOfBirth":"1999-12-01T00:00:00","_gender":null,"_age":24,"_favoriteTeams":["Man City","Fc Barcelona","Bayern Monachium"]},{"_name":"Marcin","_dateOfBirth":"2006-12-01T00:00:00","_gender":null,"_age":17,"_favoriteTeams":["Liverpool","PSG","Real Madrid"]}]